"trial","ref_position","var_area","response","correct","rt"
1,"R",12.9434812047984,"L",TRUE,4.30999994277954
2,"R",8.48818223574199,"L",FALSE,2.09899997711182
3,"R",14.506821569521,"L",TRUE,1.60899996757507
4,"R",12.178997728508,"L",TRUE,2.81099987030029
5,"L",13.8587061415892,"R",TRUE,1.39599990844727
6,"L",14.3184730634093,"R",TRUE,1.19600033760071
7,"R",12.8014355120249,"L",TRUE,1.49200010299683
8,"R",9.20858250232413,"R",FALSE,1.5939998626709
9,"L",11.3904779222794,"R",TRUE,1.29200005531311
10,"R",8.52864142251201,"R",TRUE,1.38800001144409
11,"R",13.0548258910421,"L",TRUE,1.09000015258789
12,"L",14.3657307671383,"R",TRUE,2.00699996948242
13,"R",12.6833537511993,"L",TRUE,1.48200011253357
14,"R",8.13525747461244,"R",TRUE,1.08699989318848
15,"R",9.64184623304754,"L",TRUE,1.39499998092651
16,"L",8.2190721295774,"L",TRUE,1.8989999294281
17,"L",8.26623987569474,"L",TRUE,1.69799995422363
18,"L",8.62738648545928,"L",TRUE,1.61399984359741
19,"L",10.1837095892988,"R",TRUE,1.28699994087219
20,"R",8.21882003475912,"R",TRUE,1.2960000038147
21,"R",11.7980429937597,"L",TRUE,1.28800010681152
22,"L",13.0720677687787,"R",TRUE,1.39100003242493
23,"L",9.49119510012679,"L",FALSE,1.50100016593933
24,"L",13.1781901561189,"R",TRUE,0.997999906539917
25,"R",8.39534249273129,"L",FALSE,1.08899998664856
26,"R",14.7415055308957,"L",TRUE,1.41400027275085
27,"R",13.8645201951731,"L",TRUE,1.5959997177124
28,"L",9.78215530142188,"R",TRUE,0.891000032424927
29,"R",10.2045840057544,"L",TRUE,1.51099991798401
30,"R",12.4593302386347,"L",TRUE,1.31800007820129
31,"R",10.5075609304477,"R",FALSE,1.19299983978271
32,"R",8.71742505975999,"L",FALSE,1.29300022125244